NumNodes,NumRequests,AverageHops
1,10,1.000000
11,10,2.181818
21,10,2.428571
31,10,3.454839
41,10,3.429268
51,10,3.241176
61,10,3.895082
71,10,3.507042
